id,name,country,Salary
1,Myrna,Canada,20378
2,Maximilien,Canada,58060
3,Claude,United States,66440
4,Brittani,Canada,41000
5,Brennan,United States,86451
6,Brittni,United States,2937
7,Delphinia,United States,86179
8,Tarah,Sri Lanka,80131
9,Ardys,Canada,95298
10,Moselle,United States,42881
11,Kelsy,United States,36120
12,Englebert,Canada,78928
13,Raynell,Canada,16481
14,Alistair,Canada,41726
15,Dur,United States,55050
16,Dillie,Canada,78991
17,Olympia,United States,9125
18,Ramonda,United States,38481
19,Auberta,Canada,62298
20,Pace,United States,2820
21,Brit,United States,75492
22,Katherina,Canada,49399
23,Ellwood,United States,25018
24,Reynard,United States,56047
25,Roderigo,United States,35302
26,Gus,United States,73428
27,Philippe,United States,2917
28,Jennine,United States,25622
29,Arlena,United States,91980
30,Renelle,United States,24540
31,Angeli,United States,40069
32,Reginauld,United States,6035
33,Nikola,Sri Lanka,32860
34,Gilbertine,United States,92352
35,Sharity,Canada,21288
36,Elly,Canada,36021
37,Anjanette,United States,52382
38,Christophorus,United States,63231
39,Brittani,United States,10923
40,Dennet,United States,24605
41,Culley,United States,89950
42,Micheline,Canada,41466
43,Jemimah,United States,30453
44,Waylin,Canada,61069
45,Eldridge,United States,54031
46,Jeramie,United States,62097
47,Mayor,Sri Lanka,23569
48,Aggi,United States,46498
49,Leena,Canada,38993
50,Royall,Sri Lanka,56025
51,Adam,United States,8360
52,Sylvester,United States,92536
53,Elonore,United States,36975
54,Darci,United States,57205
55,Chiarra,Sri Lanka,34537
56,Sofie,United States,47659
57,Bette-ann,United States,69293
58,Jarad,United States,3878
59,Harlan,United States,43928
60,Theresina,United States,29216
61,Sandro,Canada,21919
62,Korrie,Canada,49423
63,Bertie,Canada,74505
64,Sully,United States,36005
65,Analiese,Canada,34189
66,Hattie,United States,33148
67,Pip,United States,66778
68,Zedekiah,United States,40001
69,Rosemarie,Canada,21508
70,Belia,Canada,33908
71,Donnajean,United States,32546
72,Estel,United States,69468
73,Lauren,United States,82876
74,Eran,United States,73626
75,Lazaro,United States,47541
76,Casie,United States,67619
77,Dory,United States,55125
78,Reeta,Canada,78336
79,Thorstein,United States,99054
80,Maurise,United States,2825
81,Shepperd,United States,57292
82,Ina,United States,64790
83,Quincey,Canada,92266
84,Carr,United States,40078
85,Juliane,United States,31269
86,Fanni,Sri Lanka,68388
87,Dodie,United States,32870
88,Nonah,Canada,82690
89,Salvador,United States,16650
90,Drucie,United States,65414
91,Lory,United States,41650
92,Chickie,United States,74525
93,Augustine,United States,99795
94,Tiff,United States,37474
95,Ranee,Canada,68650
96,Laure,United States,98680
97,Aviva,United States,36067
98,Pauly,United States,31387
99,Antoine,United States,9842
100,Margy,United States,86335
101,Konstantin,Canada,83326
102,Alvy,Canada,38295
103,Coleman,United States,27565
104,Mamie,Sri Lanka,70331
105,Vinny,United States,99079
106,Sonja,United States,95850
107,Kenny,Canada,76452
108,Barrett,United States,80662
109,Marcellus,United States,32561
110,Rolf,United States,53360
111,Ingrid,United States,91918
112,Aubry,United States,35196
113,Dion,Canada,72872
114,Susana,Canada,2519
115,Wood,United States,11849
116,Ilysa,United States,19457
117,Jamima,United States,72077
118,Aloisia,United States,70270
119,Jack,Canada,93442
120,Cody,United States,74881
121,Gran,United States,83713
122,Trent,United States,80949
123,Cherin,United States,91694
124,Herta,United States,24585
125,Perice,Canada,11528
126,Zondra,United States,28674
127,Sari,United States,10890
128,Zacharias,United States,45199
129,Caril,United States,29893
130,Petronilla,United States,89427
131,Cornela,United States,78919
132,Odelle,Canada,20284
133,Emmet,Canada,30186
134,Stevie,United States,75564
135,Winfield,United States,98960
136,Grazia,Canada,26781
137,Mark,United States,20533
138,Tallulah,Canada,39455
139,Elvina,United States,93979
140,Otto,Canada,90629
141,Alain,United States,30733
142,Averil,Canada,17348
143,Angeline,United States,96145
144,Randy,United States,89168
145,Emlynne,United States,60219
146,Arnuad,United States,69532
147,Miriam,United States,68677
148,Lu,United States,34656
149,Thomasin,United States,88679
150,Ody,United States,73046
151,Gabriell,United States,74845
152,Frasier,United States,29580
153,Lissie,United States,29784
154,Ashlen,United States,55913
155,Ashlie,United States,64567
156,Broderick,Canada,99817
157,Meir,United States,36787
158,Chrissy,United States,2207
159,Breanne,United States,52846
160,Brit,United States,66438
161,Chrysler,United States,67614
162,Katha,Canada,22530
163,Bradly,Canada,96938
164,Francklyn,Canada,88933
165,Ado,Canada,93018
166,Terry,United States,99497
167,Llewellyn,Canada,80362
168,Chrissy,United States,24357
169,Eliza,Canada,9134
170,Sigvard,Canada,21772
171,Sue,United States,74947
172,Wolfy,Canada,6876
173,Roxine,Canada,38331
174,Beatriz,Canada,44666
175,Gerianne,United States,82973
176,Nichole,Canada,97889
177,Issiah,United States,90006
178,Latrena,United States,71174
179,Tamqrah,United States,26438
180,Christyna,United States,78131
181,Valle,Canada,19002
182,Michelina,Canada,36730
183,Dorthea,United States,72865
184,Elliott,United States,6994
185,Jobina,Canada,88842
186,Heddi,United States,18431
187,Chastity,United States,95377
188,Kain,Canada,51417
189,Morlee,United States,46949
190,Hallie,Sri Lanka,65677
191,Dar,United States,73264
192,Horton,United States,29046
193,Fifine,Sri Lanka,76388
194,Karl,United States,57474
195,Tracie,United States,78899
196,Rudolph,Canada,90240
197,Orelie,United States,27345
198,Dan,United States,58371
199,Keely,United States,32565
200,Otha,Canada,31291
201,Jehanna,United States,15847
202,Flynn,United States,79920
203,Giulietta,Canada,8337
204,Carlye,United States,99423
205,Alick,United States,7780
206,Harlin,United States,78200
207,Frasquito,United States,48367
208,Felicity,Canada,53296
209,Ewart,Canada,75020
210,Thain,United States,51186
211,Ferdy,United States,85166
212,Gregg,Canada,27271
213,Euell,Canada,5645
214,Evelin,United States,76547
215,Josh,Canada,28378
216,Blaine,Canada,84766
217,Tomkin,Canada,28594
218,Ryan,United States,55621
219,Annalee,United States,61899
220,Ker,United States,68637
221,Tuck,Canada,21654
222,Merrill,Canada,44492
223,Kahaleel,Canada,39982
224,Kissee,United States,38929
225,Jenni,Canada,64472
226,Adena,Sri Lanka,88943
227,Kakalina,United States,86110
228,Maureen,United States,20566
229,Baldwin,United States,85754
230,Sharyl,United States,61338
231,Kelsi,United States,54489
232,Felic,United States,93239
233,Carlene,United States,87703
234,Malinde,United States,14913
235,Dreddy,Canada,47388
236,Britteny,Sri Lanka,71177
237,Alfred,United States,46153
238,Pembroke,United States,34170
239,Ruthie,United States,72069
240,Doralia,Canada,86554
241,Kelcie,Canada,62101
242,Hatti,Canada,88462
243,Reinwald,Canada,28166
244,Peirce,United States,18544
245,Tybie,United States,33352
246,Carmelia,United States,67221
247,Lurette,United States,10040
248,Colan,Canada,20282
249,Debera,United States,30604
250,Winonah,Canada,70972
251,Marla,United States,6473
252,Xenia,Canada,18194
253,Hilda,United States,67809
254,Yorker,Canada,35703
255,Denise,Canada,46168
256,Margo,United States,97550
257,Elliott,United States,9330
258,Benita,Canada,46197
259,Howey,United States,32294
260,Tobiah,Canada,25929
261,Bartolomeo,Canada,77100
262,Rory,Canada,16048
263,Jehu,United States,10533
264,Quinn,Sri Lanka,85695
265,Deck,United States,89911
266,Lucille,United States,46607
267,Irwin,United States,9622
268,Pet,Canada,27090
269,Art,United States,19953
270,Rustie,Canada,30411
271,Franny,Canada,83265
272,Britta,United States,23990
273,Johnathan,United States,63508
274,Andee,United States,83557
275,Prue,Canada,56748
276,Chrysa,United States,82239
277,Aldin,Canada,34531
278,Maible,United States,82244
279,Rodger,United States,3669
280,Isidro,United States,93284
281,Mari,Canada,68475
282,Bertrando,United States,77791
283,Abe,United States,87668
284,Adelbert,United States,53011
285,Margeaux,Canada,2958
286,Jerrold,United States,73867
287,Corbie,United States,30346
288,Terri-jo,Canada,3097
289,Ludovika,United States,76994
290,Lay,United States,83914
291,Kat,United States,8927
292,Tab,United States,6049
293,Sandie,United States,96388
294,Candida,Canada,46726
295,Tawsha,United States,24054
296,Blondy,Canada,10034
297,Corena,Canada,67471
298,Ros,Canada,30936
299,Brooke,United States,92267
300,Olia,United States,47236
301,Karlyn,United States,96342
302,Marcellus,United States,6818
303,Dolf,Canada,45521
304,Felicio,United States,79842
305,Evaleen,Canada,9300
306,Cris,United States,73196
307,Rutledge,United States,63596
308,Claire,Canada,29098
309,Eachelle,United States,68083
310,Rickie,Canada,30698
311,Kalinda,United States,81432
312,Garold,United States,5617
313,Libbi,Canada,95820
314,Oswell,United States,53793
315,Alistair,Sri Lanka,78930
316,Kaitlyn,Canada,4923
317,Kali,India,43963
318,Pris,Canada,91699
319,Barris,United States,23767
320,Eustacia,United States,77423
321,Drud,Canada,47005
322,Carlen,United States,26949
323,Bianka,United States,90619
324,Tybalt,United States,44655
325,Web,Canada,63221
326,Natalya,United States,34706
327,Carlota,United States,48317
328,Nancey,United States,14229
329,Cosetta,United States,10289
330,Dianne,United States,22425
331,Jilleen,United States,16252
332,Janeczka,United States,64420
333,Violet,United States,29966
334,Jania,United States,75615
335,Stuart,Sri Lanka,29459
336,Berte,United States,47572
337,Renelle,United States,44168
338,Audi,Canada,20640
339,Terrance,United States,33775
340,Alexis,United States,76554
341,Gabbie,Canada,49856
342,Gabriel,United States,59935
343,Annalee,United States,2143
344,Cecil,Canada,34714
345,Reg,United States,89072
346,Adriano,Canada,52134
347,Adelina,United States,32009
348,Alberik,United States,95264
349,Baird,United States,12294
350,Emmie,Sri Lanka,76629
351,Den,United States,73716
352,Lennie,United States,95220
353,Ashla,United States,71671
354,Bucky,United States,37771
355,Britt,Canada,20131
356,Guilbert,United States,14516
357,Robers,Sri Lanka,99068
358,Elva,Canada,1858
359,Stormy,Canada,50945
360,Dulce,United States,59867
361,Pavel,United States,82560
362,Sven,Canada,31694
363,Averil,United States,18014
364,Cooper,United States,99705
365,Katleen,United States,86311
366,Vida,Canada,51148
367,Tawnya,Canada,34614
368,Ware,United States,92913
369,Duane,Sri Lanka,32135
370,Marian,United States,58076
371,Gar,United States,20828
372,Dre,United States,66850
373,Roscoe,United States,20537
374,Eugine,Canada,39809
375,Brianna,United States,96419
376,Minnnie,United States,77511
377,Lizabeth,United States,56775
378,Elyn,Canada,86154
379,Annalee,United States,80264
380,Fredelia,United States,19079
381,Baxter,Canada,66848
382,Pamelina,Canada,13004
383,Amii,United States,4460
384,Wye,Canada,38921
385,Traci,United States,24057
386,Ciel,Canada,63094
387,Rheta,Canada,34637
388,Sigrid,Canada,17514
389,Zelma,United States,98824
390,Kiley,United States,20282
391,Krisha,United States,93829
392,Eloisa,United States,23631
393,Pete,United States,36046
394,Raina,Canada,68471
395,Lucie,United States,65056
396,Catarina,Canada,98796
397,Barny,United States,79383
398,Kermie,United States,16604
399,Dacie,Canada,29910
400,Giles,United States,11105
401,Marsh,United States,15871
402,Keith,United States,23966
403,Hubie,United States,62651
404,Amye,United States,16376
405,Thayne,United States,52221
406,Carmine,Canada,54884
407,Moshe,United States,4839
408,Tristan,United States,22113
409,Davidde,Canada,12792
410,Reinwald,Canada,14409
411,Kasper,Sri Lanka,61124
412,Henka,United States,91431
413,Trude,United States,78074
414,Abdel,Canada,98148
415,Donelle,United States,73789
416,Levon,Canada,78702
417,Andrey,United States,74690
418,Bellina,United States,55768
419,Lauri,United States,21492
420,Adriena,United States,78349
421,Deeanne,Canada,61944
422,Inger,United States,87635
423,Nita,Canada,1711
424,Dolli,United States,80598
425,Channa,United States,41907
426,Shandeigh,United States,21152
427,Quentin,Canada,42847
428,Myrna,Canada,30357
429,Calvin,Canada,31237
430,Rowan,United States,92815
431,Cort,Sri Lanka,66096
432,Case,United States,89611
433,Priscella,United States,83924
434,Ania,Sri Lanka,46844
435,Mora,Sri Lanka,42922
436,Aldo,United States,60462
437,Brigitte,Canada,50563
438,Saunders,United States,29700
439,Ricky,United States,75098
440,Gillan,United States,41204
441,Brandise,Canada,38246
442,Bendick,United States,46766
443,Walker,United States,14794
444,Howard,United States,51701
445,Caprice,United States,88500
446,Mariya,United States,10425
447,Lynne,Canada,27393
448,Obadiah,United States,57339
449,Elaine,United States,67671
450,Roslyn,United States,12466
451,Jeanine,Canada,17653
452,Carlye,United States,12789
453,Candis,United States,15904
454,Delcine,Canada,49772
455,Johnny,Canada,43955
456,Artur,Canada,16593
457,Deerdre,United States,72395
458,Joli,United States,31437
459,Kerry,Canada,24725
460,Tammie,United States,79481
461,Minor,United States,80734
462,Perl,United States,70711
463,Renee,Canada,16526
464,Ted,United States,27166
465,Brocky,United States,59269
466,Lelia,Canada,20909
467,Brigham,Canada,68997
468,Fremont,Canada,23195
469,Haley,Canada,19908
470,Larine,United States,64868
471,Harmonia,United States,18624
472,Reade,Canada,89660
473,Darrin,United States,16066
474,Alwin,Canada,59538
475,Sindee,Canada,60242
476,Ericha,United States,4496
477,Tadeo,Canada,29814
478,Miguela,United States,23429
479,Lawrence,Sri Lanka,97563
480,Edwina,Canada,18907
481,Jewel,United States,68455
482,Corney,Sri Lanka,7784
483,Rosie,Canada,97043
484,Orion,United States,9688
485,Fallon,United States,96491
486,Hoebart,United States,39245
487,Iosep,United States,19986
488,Gerladina,Sri Lanka,27793
489,Alanna,United States,27685
490,Prentiss,United States,2407
491,Matias,United States,34558
492,Almire,United States,59818
493,Jordan,Canada,45844
494,Sheeree,Canada,90878
495,Phineas,United States,40450
496,Nevsa,Canada,18037
497,Nelli,Canada,45711
498,Kristien,United States,87384
499,Leonhard,Canada,12860
500,Bartlett,United States,22740
501,Alayne,United States,2114
502,Annnora,Canada,58038
503,Keri,Sri Lanka,87930
504,Ilario,United States,38845
505,Bryana,United States,30445
506,Granville,United States,72106
507,Raoul,United States,49364
508,Sax,United States,11866
509,Basia,United States,10521
510,Sherm,Canada,64646
511,Buck,Canada,74458
512,Blakelee,United States,95249
513,Chryste,United States,78478
514,Benito,Canada,88237
515,Christie,United States,37810
516,Salli,United States,56719
517,Ros,Canada,59341
518,Hedy,Canada,57010
519,Rina,United States,4454
520,Avis,United States,92300
521,Mignonne,United States,86717
522,Joella,United States,73006
523,Yorgo,United States,35180
524,Lenee,Canada,29067
525,Sanson,United States,52002
526,Trumann,United States,8483
527,Gael,Canada,33689
528,Lora,United States,88996
529,Patsy,United States,84762
530,Daisey,Canada,22687
531,Fitzgerald,United States,22527
532,Margot,Canada,46809
533,Hendrik,United States,88150
534,Egan,Canada,53213
535,Zsa zsa,Canada,38034
536,Cornall,Canada,37402
537,Gib,Canada,25582
538,Charles,Canada,67185
539,Karissa,United States,71163
540,Harvey,United States,54964
541,Jed,United States,53203
542,Alfonse,United States,3053
543,Tersina,United States,62541
544,Merrel,Canada,30967
545,Gilemette,Canada,54174
546,Zacherie,United States,16388
547,Lawry,Canada,99617
548,Blondy,United States,49791
549,Karoly,United States,84164
550,Ward,United States,70788
551,Cammy,Canada,58392
552,Berna,United States,25595
553,Anastassia,Canada,54189
554,Hazlett,Canada,71533
555,Hogan,United States,83414
556,Kitti,Canada,8501
557,Tobe,Canada,25511
558,Lynnet,United States,38148
559,Dalenna,United States,34029
560,Mervin,Canada,85935
561,Loren,United States,38207
562,Almeda,United States,73345
563,Tiffanie,Canada,78803
564,Cyndie,United States,1672
565,Georgianne,United States,24552
566,Bethany,Canada,4587
567,Ajay,Canada,51555
568,Georg,United States,10312
569,Coraline,United States,10940
570,Emile,Canada,6147
571,Hurleigh,United States,44607
572,Tallie,United States,32049
573,Shannon,Sri Lanka,48529
574,Wilbert,United States,73341
575,Pennie,United States,77322
576,Guillema,United States,21850
577,Bree,United States,71857
578,Janeva,United States,82424
579,Doyle,United States,7168
580,Lanette,United States,61730
581,Horst,United States,29373
582,Milly,United States,51468
583,Veda,United States,41604
584,Suzanna,United States,49435
585,Nonnah,Canada,43863
586,Vidovik,Canada,74091
587,Cully,United States,53509
588,Frayda,Canada,34402
589,Rafaelia,Sri Lanka,3597
590,Hestia,Canada,24667
591,Suzi,United States,59354
592,Harland,United States,65565
593,Odessa,Canada,15009
594,Filide,United States,20303
595,Sullivan,Canada,41003
596,Jenni,Sri Lanka,40040
597,Teresa,United States,54642
598,Elbertina,United States,73962
599,Slade,United States,95813
600,Cristian,Canada,39249
601,Rosco,United States,23204
602,Stoddard,United States,11801
603,Birgit,United States,59607
604,Waylin,United States,50323
605,Annabel,Canada,38447
606,Gloriane,United States,65922
607,Jamil,Canada,15474
608,Cedric,United States,65052
609,Levon,United States,98017
610,Olivero,United States,38064
611,Carlo,United States,90129
612,Rudy,United States,43199
613,Ruthi,Canada,92461
614,Alli,United States,91768
615,Rick,United States,66369
616,Cassey,Canada,31347
617,Althea,United States,90793
618,Augustus,Canada,35218
619,Harman,United States,62212
620,Tova,Canada,58349
621,William,Canada,4295
622,Nita,Canada,31415
623,Carri,United States,1351
624,Florella,United States,29303
625,Adoree,United States,58493
626,Helsa,Canada,37192
627,Jeanne,United States,93047
628,Wayne,United States,56107
629,Buiron,United States,39791
630,Diannne,Canada,25028
631,Darrelle,United States,76933
632,Alexia,United States,47610
633,Hamlen,United States,56244
634,Katherina,United States,10972
635,Stepha,United States,40531
636,Chip,Canada,17760
637,Wilhelm,United States,61685
638,Willette,Canada,60387
639,Trenton,Canada,31608
640,Perice,Canada,87006
641,Alyse,Canada,27930
642,Tisha,Canada,36676
643,Zelma,United States,46392
644,Melessa,Canada,51682
645,Gwenni,United States,5812
646,Dante,United States,46181
647,Tonya,United States,75350
648,Alidia,Sri Lanka,56358
649,Darrin,United States,14864
650,Rikki,United States,15632
651,Bennett,United States,9545
652,Katleen,United States,17597
653,Madge,United States,65663
654,Sherill,United States,40771
655,Cherilynn,United States,2400
656,Madel,United States,39235
657,Kalle,United States,86955
658,Lynnell,United States,60412
659,Emmet,United States,46140
660,Annecorinne,Canada,80233
661,Gilles,United States,94776
662,Huntley,United States,52270
663,Deva,Canada,87373
664,Ernestus,United States,23924
665,Lila,Canada,50701
666,Giovanna,United States,10803
667,Hollis,United States,71468
668,Bernard,Canada,51878
669,Jillene,United States,27432
670,Andromache,Canada,93906
671,Prudence,Canada,20575
672,Feliks,United States,56118
673,Amandie,Canada,53203
674,Anne-marie,United States,94462
675,Carrissa,Canada,37730
676,Garret,United States,91543
677,Danette,United States,69248
678,Saleem,United States,48268
679,Michel,United States,25498
680,Wilow,United States,40331
681,Estella,United States,55427
682,Delores,Sri Lanka,75726
683,Neddy,United States,35563
684,Saw,United States,30250
685,Durward,Canada,18314
686,Portie,Canada,73233
687,Biddie,United States,11044
688,Noellyn,Canada,81441
689,Adena,United States,33346
690,Kory,United States,47569
691,Liane,Canada,83840
692,Melodie,Canada,4470
693,Kent,Canada,60964
694,Suzette,Sri Lanka,52283
695,Demetri,United States,4032
696,Donny,United States,20675
697,Evonne,United States,56400
698,Patience,Canada,90206
699,Shurwood,United States,8940
700,Mair,Canada,51095
701,Si,United States,89905
702,Tamra,Canada,81965
703,Lamond,Canada,89558
704,Gaelan,Canada,57005
705,Dal,Canada,33284
706,Rollo,United States,28482
707,Dwight,Canada,49593
708,Janeczka,United States,44725
709,Jasper,United States,96152
710,Kipper,Canada,80198
711,Cordelia,Canada,95979
712,Creigh,United States,10515
713,Jennica,Sri Lanka,32856
714,Jarrett,Canada,46220
715,Dosi,United States,83780
716,Mauricio,United States,12038
717,Mayne,United States,84418
718,Buck,United States,71061
719,Arliene,United States,96018
720,Drucill,Canada,94017
721,Tann,United States,13233
722,Deana,Sri Lanka,76520
723,Jilleen,United States,47351
724,Kimberlee,Canada,2562
725,Carlie,United States,72707
726,Micki,United States,50317
727,Hulda,United States,48197
728,Valencia,United States,62407
729,Nigel,United States,77778
730,Huey,United States,41875
731,Faber,United States,72543
732,Miranda,United States,71824
733,Jennilee,United States,58987
734,Ursulina,United States,56774
735,Vivienne,United States,17718
736,Eveline,Canada,32388
737,Ingrim,Sri Lanka,51648
738,Lodovico,Canada,40817
739,Jeanelle,Canada,82462
740,Galvan,Canada,97948
741,Morten,Canada,48957
742,Vinni,United States,10457
743,Gaston,United States,6944
744,Minette,United States,53396
745,Helenka,United States,56241
746,Merle,Canada,38944
747,Brigid,United States,62787
748,Ortensia,Sri Lanka,38062
749,Carlyle,United States,84920
750,Corinne,United States,90285
751,Kris,Canada,32443
752,Elora,United States,6727
753,Devonna,United States,29274
754,Griffin,Canada,65372
755,Llewellyn,United States,96715
756,Casar,United States,14931
757,Lula,United States,12140
758,Lynda,Sri Lanka,77917
759,Fania,United States,59230
760,Margie,Canada,56488
761,Evyn,Canada,17410
762,Torr,United States,90825
763,Elsi,United States,22682
764,Johny,Canada,87822
765,Borg,United States,21193
766,Chandal,Canada,29280
767,Jeffry,United States,78298
768,Saree,United States,86393
769,Lyn,United States,83065
770,Jacquenette,United States,20516
771,Goober,United States,31978
772,Agatha,United States,3679
773,Trista,United States,98940
774,Kassandra,Sri Lanka,76522
775,Bob,Canada,59524
776,Ephrayim,United States,76653
777,Patrizius,United States,85491
778,Livia,United States,18397
779,Fallon,Canada,68248
780,Annie,United States,88364
781,Nevin,United States,39123
782,Rockey,Canada,68879
783,Fowler,Sri Lanka,54035
784,Conroy,United States,53882
785,Northrop,United States,6807
786,Ellyn,United States,6312
787,Glyn,United States,59422
788,Demetris,United States,71162
789,Irina,United States,36176
790,Ilario,United States,27802
791,Olimpia,United States,27916
792,Benedict,United States,7905
793,Sheffield,Canada,72378
794,Damara,Canada,87032
795,Fidelio,United States,69609
796,Husein,Canada,68667
797,Kristin,United States,42882
798,Richart,United States,38928
799,Lindie,Sri Lanka,73076
800,Beale,Canada,98838
801,Stesha,United States,27663
802,Zea,United States,46287
803,Calhoun,United States,33192
804,Lannie,United States,80521
805,Rasia,United States,62377
806,Emerson,Canada,39893
807,Clevey,United States,72977
808,Lillian,Canada,35602
809,Mac,United States,89211
810,Yelena,United States,83707
811,Orel,United States,15912
812,Malchy,Canada,91841
813,Perry,United States,55621
814,Marley,United States,3210
815,Jodee,United States,92358
816,Isac,United States,34094
817,Korey,United States,4028
818,Julietta,Sri Lanka,19651
819,Benita,United States,63751
820,Deedee,Canada,13030
821,Dianemarie,Canada,12104
822,Katleen,Canada,63351
823,Stevie,Sri Lanka,11786
824,Janice,Canada,28725
825,Claudian,United States,10339
826,Gabriella,United States,31462
827,Dana,United States,79306
828,Marys,United States,43966
829,Kattie,United States,41304
830,Juan,Canada,74292
831,Starlin,United States,58009
832,Jesse,United States,69846
833,Edlin,United States,89128
834,Harp,United States,60170
835,Nicolas,United States,31574
836,Percival,United States,84584
837,Atalanta,Canada,50973
838,Mickie,United States,45027
839,Ranna,United States,89414
840,Dalli,Sri Lanka,10861
841,Kimberly,Sri Lanka,22727
842,Laverna,Canada,72329
843,Mari,United States,60019
844,Candis,United States,86690
845,Lurline,Canada,14487
846,Robbie,United States,95183
847,Easter,United States,5282
848,Kissie,United States,17041
849,Elsey,United States,79572
850,Conrade,United States,65598
851,Saraann,United States,13659
852,Gianni,Canada,89047
853,Colan,United States,28888
854,Hortense,United States,88355
855,Tiebold,United States,87165
856,Sacha,United States,97303
857,Yvon,United States,87853
858,Amby,Canada,78146
859,Jehanna,United States,21526
860,Mirabella,Canada,88759
861,Pyotr,Canada,32851
862,Louella,Canada,64240
863,Jaymee,Canada,25876
864,Ashlen,Canada,73381
865,Winny,United States,78866
866,Helene,United States,27932
867,Cale,United States,7792
868,Waldemar,United States,76734
869,Kareem,United States,29864
870,Maryellen,Canada,2760
871,Dennison,Canada,8221
872,Teddie,United States,34136
873,Tiffanie,United States,62015
874,Kimberlee,United States,24786
875,Dillon,United States,7394
876,Reinold,Canada,97763
877,Rosaline,United States,84420
878,Oriana,Canada,54196
879,Adina,United States,71695
880,Jamie,United States,66479
881,Huntley,Canada,63911
882,Manny,Canada,64410
883,Ali,United States,45735
884,Joela,Sri Lanka,81943
885,Tess,United States,7667
886,Easter,United States,33742
887,Else,United States,4107
888,Eadmund,United States,31710
889,Sigvard,United States,21813
890,Vlad,United States,14245
891,Junia,United States,48016
892,Timothee,Canada,39169
893,Marcy,United States,89775
894,Karel,Canada,21710
895,Albina,United States,84782
896,Payton,Canada,22805
897,Goddard,Canada,11028
898,Germana,United States,27651
899,Agosto,Canada,34233
900,Steve,Sri Lanka,84890
901,Alard,United States,63186
902,Sheila,United States,78662
903,Ivory,Canada,38171
904,Marrilee,United States,53575
905,Jase,United States,95946
906,Odelinda,Canada,17580
907,Lianne,Canada,61360
908,Prissie,United States,96651
909,Vittorio,United States,51623
910,Kaile,United States,68564
911,Cherie,United States,58760
912,Terrijo,United States,59761
913,Enrichetta,Canada,25768
914,Velma,United States,98503
915,Gery,Canada,36946
916,Chas,United States,96201
917,Buck,United States,66641
918,Sharai,United States,63404
919,Cornall,Sri Lanka,29645
920,Gram,Canada,56148
921,Beatriz,United States,66803
922,Kerri,United States,73921
923,Dayle,United States,4421
924,Selig,United States,62618
925,Deva,Canada,31271
926,Meridith,United States,60670
927,Kym,United States,94721
928,Quentin,Canada,63180
929,Goldi,United States,62432
930,Heindrick,Canada,53335
931,Yorgos,Canada,89413
932,Veronike,United States,13784
933,Lisbeth,United States,46455
934,Natalie,Canada,90531
935,Aggy,Canada,49021
936,Ezequiel,United States,54123
937,Rennie,United States,84803
938,Stacee,United States,50329
939,Jessamine,United States,93199
940,Nevsa,Sri Lanka,57247
941,Damaris,Canada,75743
942,Dylan,United States,84413
943,Vivienne,United States,81911
944,Kasey,United States,1252
945,Winnie,Canada,68114
946,Roby,Canada,59643
947,Ethelin,Canada,63182
948,Robenia,United States,23740
949,Ophelie,United States,68682
950,Leyla,United States,97657
951,Brannon,Canada,43922
952,Izabel,United States,15353
953,Veriee,Canada,34127
954,Candis,United States,35419
955,Yvette,United States,36199
956,Seamus,United States,18949
957,Kacey,Sri Lanka,12500
958,Alica,United States,48000
959,Noell,Sri Lanka,76276
960,Josefa,United States,24126
961,Cacilia,United States,7606
962,Arnaldo,United States,61170
963,Tova,United States,55049
964,Reginald,United States,83921
965,Burk,United States,81056
966,August,Canada,88508
967,Zea,Canada,90031
968,Rutledge,Sri Lanka,92474
969,Cherye,Sri Lanka,49151
970,Brunhilde,Canada,27391
971,Rebbecca,Canada,70669
972,Alvin,United States,37066
973,Gae,United States,3635
974,Lindie,Canada,48592
975,Annette,United States,65705
976,Phoebe,Canada,52670
977,Agretha,United States,96004
978,Quinta,United States,92068
979,Tabitha,United States,25498
980,Cyrus,United States,84230
981,Sherline,Canada,39809
982,Andromache,United States,78923
983,Hammad,Canada,65510
984,Haily,Canada,88952
985,Josefina,United States,68473
986,Daryl,Canada,61830
987,Spence,Canada,26432
988,Ringo,United States,50022
989,Clifford,Canada,96694
990,Orella,United States,84013
991,Giovanni,United States,31849
992,Nikki,Canada,53733
993,Damaris,United States,45596
994,Silvan,United States,80135
995,Rolf,United States,48027
996,Marrissa,Canada,69594
997,Kain,Canada,55473
998,Erasmus,United States,95505
999,Emelita,United States,62635
1000,Marsha,Canada,97963
